Heartbeat @ Bedok ActiveSG Sport Centre,11_ BEDOK NORTH STREET 1_     Singapore 469662, 6443 5511 ,,https://www.myactivesg.com/~/media/Consumer/Images/Facilities/Bedok%20Sports%20Centre%20Heartbeat%20Bedok/heartbeatbedok01.jpg,Daily 7.00am – 10.00pm
Heartbeat @ Bedok ActiveSG Sports Hall,11_ BEDOK NORTH STREET 1_     Singapore 469662, 64435511,,https://www.myactivesg.com/~/media/Consumer/Images/Facilities/Bedok%20Sports%20Hall%20Heartbeat%20Bedok/heartbeatsportshall01.jpg,Daily 7.00am – 10.00pm
Bedok Stadium,1 Bedok North Street 2    Singapore 469642, 64434846,Bedok Stadium is a public sports stadium operated by Sport Singapore.  Facility Information: a. 1 Pitch b. 8 Lane Running Track c. 1 Fitness Corner,https://www.myactivesg.com/~/media/Consumer/Images/Facilities/Bedok%20Stadium/Bedok%20Stadium4.jpg,Daily 4.30am – 8.30pm
Heartbeat @ Bedok ActiveSG Tennis Centre,11_ BEDOK NORTH STREET 1_     Singapore 469662, 64435511,,https://www.myactivesg.com/~/media/Consumer/Images/Facilities/Bedok%20Tennis%20Centre%20Heartbeat%20Bedok/Heartbeat%20bedok%2012.jpg,unknown
Bishan Sports Centre,5 Bishan St 14    Singapore 579783, 63526631,Bishan Sport Centre_ formerly known as Bishan Sport and Recreation Centre_ underwent a series of major make-overs in the last two years_ and has seen the best of the Asian Youth Games (2009)_ and the Youth Olympics Games (2010). Through these two major games_ Bishan has shown its capability to deliver a world-class facility for gymnastics and athletics events. Currently equipped with world class facilities_ it aims to reach out not only to serve the local needs_ but also international training and competitions’ needs.,https://www.myactivesg.com/~/media/Consumer/Images/Facilities/Bishan%20Sports%20Centre/Bishan%20Sports%20Centre.jpg,unknown
Bishan Sports Hall,5 Bishan Street 14    Singapore 579783, 63526631,,https://www.myactivesg.com/~/media/Consumer/Images/Facilities/Bishan%20Sports%20Hall/Bishan%20Sports%20Hall1.jpg,Daily 7.00am – 10.00pm
Bishan Stadium,7 Bishan Street 14    Singapore 579784, 63526631,Bishan Stadium is a public sport stadium operated by Sport Singapore. Facility Information: a. 1 8 Lane Running Track b. 1 Field c. 4 Long Jump Pits d. 2 High Jump Pits e. 1 Seating Gallery f. 1 Portable Seating Gallery,https://www.myactivesg.com/~/media/Consumer/Images/Facilities/Bishan%20Stadium/Bishan%20Stadium1.jpg,Daily 4.30am - 8.30pm
Bishan Swimming Complex,1 Bishan Street 14    Singapore 579778, 63536117,Bishan Swimming Complex is a public swimming complex managed by Sport Singapore. Facility Information: a. 1 Competition Pool b. 1 Teaching Pool c.  1 Wading Pool,https://www.myactivesg.com/~/media/Consumer/Images/Facilities/Bishan%20Swimming%20Complex/Bishan%20Swimming%20Complex.jpg,unknown
Bukit Batok Swimming Complex,2 Bukit Batok Street 22    Singapore 659581, 65610939,Bukit Batok Swimming Complex offers a pleasant environment for which leisure swimmers can take a leisure away from the hustle and bustle of the city. This facility is also popular with schools for swimming lessons.  Background: Opened to the public on 4 April 1988. Seating Capacity: 370     NOTICE: The competition pool is closed for maintenance on the following period:  3 April 9 to 11 April 23 & 24 April,https://www.myactivesg.com/~/media/Consumer/Images/Facilities/Bukit%20Batok%20Swimming%20Complex/Bukit%20Batok%20Swimming%20Complex3.jpg,unknown
Bukit Gombak ActiveSG  Gym,810 Bukit Batok West Avenue 5    Singapore 659088, 68962197,Bukit Gombak ActiveSG Gym_ formerly known as Bukit Gombak ClubFITT Gym_ is a public gym operated by Sport Singapore. It is located in Bukit Gombak Sports Centre. Bukit Gombak Sports is strategically located beside the Bukit Gombak and next to the scenic Little Guilin Park.  With a good mix of young and old residents_ the SRC has built a steady take up for her Learn-to-Play programmes for the use of the stadium and Bukit Gombak Sports Centre is a public sports stadium operated by Sport Singapore.     NOTICE: The gym is closed for maintenance from 3 Jan 2019 to 20 Jan 2019.,https://www.myactivesg.com/~/media/Consumer/Images/Facilities/Bukit%20Gombak%20ActiveSG%20Gym/Bukit%20Gombak%20ActiveSG%20Gym2.jpg,Daily: 7.00am - 10.00pm (Including Public Holidays)
Bukit Gombak Sports Centre,810 Bukit Gombak West Ave 5    Singapore 659088, 68962193,Bukit Gombak Sport Centre_ formerly known as Bukit Gombak Sport and Recreation Centre_ is strategically located beside the Bukit Gombak MRT_ and next to the scenic Little Guilin Park. With a good mix of young and old residents_ Bukit Gombak Sport Centre has built a steady take up rate for sports programmes and for the use of the stadium and gym.,https://www.myactivesg.com/~/media/Consumer/Images/Facilities/Bukit%20Gombak%20Sports%20Centre/Bukit%20Gombak%20Sports%20Centre2.jpg,unknown
Bukit Gombak Sports Hall,810 Bukit Batok West Avenue 5    Singapore 659088, 65695670,Bukit Gombak Sport Hall is a public sports stadium operated by Sport Singapore. It is located in Bukit Gombak Sport Centre. Bukit Gombak Sport Centre is strategically located beside the Bukit Gombak MRT_ and next to the scenic Little Guilin Park. With a good mix of young and old residents_ the SRC has built a steady take up rate for her Learn-to-Play programmes and for the use of the stadium and gym.   Bukit Gombak Sport Centre is a public sports stadium operated by Sport Singapore.,https://www.myactivesg.com/~/media/Consumer/Images/Facilities/Bukit%20Gombak%20Sports%20Hall/Bukit%20Gombak%20Sports%20Hall4.jpg,Daily: 7am to 10pm
Bukit Gombak Stadium,800 Bukit Batok West Avenue 5    Singapore 659081, ,Bukit Gombak Stadium is a public sports stadium operated by Sport Singapore. It is located next to the Bukit Gombak Sport Centre. Bukit Gombak Sport Centre is strategically located beside the Bukit Gombak MRT_ and next to the scenic Little Guilin Park. With a good mix of young and old residents_ the SRC has built a steady take up rate for her Learn-to-Play programmes and for the use of the stadium and gym.  Bukit Gombak Sport Centre is a public sport stadium operated by Sport Singapore.     NOTICE: The field in the stadium is closed for annual year end field maintenance from 10 Dec 2018 - 3 Feb 2019.,https://www.myactivesg.com/~/media/Consumer/Images/Facilities/Bukit%20Gombak%20Stadium/Bukit%20Gombak%20Stadium7.jpg,Daily: 4.30am to 8.30pm
Burghley Squash Centre,43 Burghley Drive    Singapore 559020, 62831251,Burghley Squash Centre is a public squash centre managed by Sport Singapore.,https://www.myactivesg.com/~/media/Consumer/Images/Facilities/Burghley%20Squash%20Centre/Burghley%20Squash%20and%20Tennis%20Centre4.jpg,unknown
Burghley Tennis Centre,43 Burghley Drive    Singapore 559020, 62831251,Burghley Tennis Centre  is a public tennis centre managed by Sport Singapore.,https://www.myactivesg.com/~/media/Consumer/Images/Facilities/Burghley%20Tennis%20Centre/Burghley%20Squash%20and%20Tennis%20Centre5.jpg,unknown
Choa Chu Kang ActiveSG Gym,1 Choa Chu Kang Street 53    Singapore 689236, 67671739,Choa Chu Kang ActiveSG Gym_ formerly known as Choa Chu Kang ClubFITT Gym_ is a public gym operated by Sport Singapore. It is located in Choa Chu Kang Sport Centre.  Since 2001_ Choa Chu Kang Sport Centre_ formerly known as Choa Chua Kang Sport and Recreation Centre_ has brought new levels of excitement for the young and young at heart with its integrated facilities. In addition to being home to the S-League powerhouse SAF Warriors_ the stadium plays host to annual inter-school athletics meets.  Situated between 2 MRT stations_ Choa Chu Kang Sport Centre has positioned itself as the location of choice for its sports and recreational activities for residents nearby.,https://www.myactivesg.com/~/media/Consumer/Images/Facilities/Choa%20Chu%20Kang%20ActiveSG%20Gym/Choa%20Chu%20Kang%20ActiveSG%20Gym4.jpg,Daily: 7.00am - 10.00pm (Including Public Holidays)
Choa Chu Kang Sports Centre,1 Choa Chu Kang St 53    Singapore 689236, 67671735,Since 2001_ Choa Chu Kang Sport Centre_ formerly known as Choa Chua Kang Sport and Recreation Centre_ has brought new levels of excitement for the young and young at heart with its integrated facilities.  In addition to being home to the S-League powerhouse SAF Warriors_ the stadium plays host to annual inter-school athletics meets.     Situated between 2 MRT stations_ Choa Chu Kang Sport Centre has positioned itself as the location of choice for its sports and recreational activities for residents nearby.,https://www.myactivesg.com/~/media/Consumer/Images/Facilities/Choa%20Chu%20Kang%20Sports%20Centre/Choa%20Chu%20Kang%20Sports%20Centre.jpg,unknown
Choa Chu Kang Sports Hall,1 Choa Chu Kang Street 53    Singapore 689236, 67674576,Choa Chu Kang sport hall is operated by Sport Singapore. It is located in Choa Chu Kang Sport Centre. Since 2001_ Choa Chu Kang Sport Centre_ formerly known as Choa Chua Kang Sport and Recreation Centre_  has brought new levels of excitement for the young and young at heart with its integrated facilities.  In addition to being home to the S-League powerhouse SAF Warriors_ the stadium plays host to  annual inter-school athletics meets.  Situated between 2 MRT stations_ Choa Chu Kang Sport Centre has positioned itself as  the location of choice for its sports and recreational activities for residents nearby.,https://www.myactivesg.com/~/media/Consumer/Images/Facilities/Choa%20Chu%20Kang%20Sports%20Hall/Choa%20Chu%20Kang%20Sports%20Hall2.jpg,Daily 7.00am - 10.00pm
Choa Chu Kang Stadium,1 Choa Chu Kang Street 53    Singapore 689236, 67674576,Choa Chu Kang Stadium is a public sport stadium operated by Sport Singapore.  It is located in Choa Chu Kang Sport Centre.  Since 2001_ Choa Chu Kang Sport Centre_ formerly known as Choa Chua Kang Sport and Recreation Centre_ has  brought new levels of excitement for the young and young at heart with its integrated facilities.  In addition to being home to the S-League powerhouse SAF Warriors_ the stadium plays host to  annual inter-school athletics meets.  Situated between 2 MRT stations_ Choa Chu Kang Sport Centre has positioned itself as the location of choice  for its sports and recreational activities for residents nearby.  Facility Information: 8 Badminton Courts  4 Table-Tennis Tables,https://www.myactivesg.com/~/media/Consumer/Images/Facilities/Choa%20Chu%20Kang%20Stadium/Choa%20Chu%20Kang%20Stadium9.jpg,Daily 4.30am - 9.30pm
Choa Chu Kang Street Soccer Court,1 Choa Chu Kang Street 53    Singapore 689236, 67672721,Choa Chu Kang Street Soccer Court is operated by Sport Singapore. It is located in Choa Chu Kang Sport Centre. Since 2001_ Choa Chu Kang Sport Centre_ formerly known as Choa Chua Kang Sport and Recreation Centre_  has brought new levels of excitement for the young and young at heart with its integrated facilities.  In addition to being home to the S-League powerhouse SAF Warriors_ the stadium plays host to annual inter-school athletics meets.  Situated between 2 MRT stations_ Choa Chu Kang Sport Centre has positioned itself as the location  of choice for its sports and recreational activities for residents nearby.  Facility Information:   1 Street Soccer Court,https://www.myactivesg.com/~/media/Consumer/Images/Facilities/Choa%20Chu%20Kang%20Street%20Soccer%20Court/Choa%20Chu%20Kang%20Stadium7.jpg,Daily 7.00am - 10.00pm
Choa Chu Kang Swimming Complex,1 Choa Chu Kang Street 53    Singapore 689236, 67678606,Choa Chu Kang Swimming Complex is a public swimming complex managed by Sport Singapore.  It is located in Choa Chu Kang Sports Centre.  Since 2001_ Choa Chu Kang Sport Centre_ formerly known as Choa Chua Kang Sport and Recreation Centre_ has brought new levels of excitement for the young and young at heart with its integrated facilities. In addition to being home to the S-League powerhouse SAF Warriors_ the stadium plays host to annual inter-school athletics meets.  Situated between 2 MRT stations_ Choa Chu Kang Sport Centre has positioned itself as the location of choice for its sports and recreational activities for residents nearby.  Facility Information:  1 Competition Pool  1 Wave Pool  1 Wading Pool  1 Slide  1 SPA Pool       NOTICE: Choa Chu Kang Swimming Complex is closed for renovation from 1 April 2019 to 31 Mar 2020.,https://www.myactivesg.com/~/media/Consumer/Images/Facilities/Choa%20Chu%20Kang%20Swimming%20Complex/Choa%20Chu%20Kang%20Swimming%20Complex5.jpg,unknown
Choa Chu Kang Tennis Centre,1 Choa Chu Kang Street 53    Singapore 689236, 67674576,Choa Chu Kang Tennis Centre is a tennis centre managed by Sport Singapore. It is located in Choa Chu Kang Sport Centre. Since 2001_ Choa Chu Kang Sport Centre_ formerly known as Choa Chua Kang Sport and Recreation Centre_ has  brought new levels of excitement for the young and young at heart with its integrated facilities.  In addition to being home to the S-League powerhouse SAF Warriors_ the stadium plays host  to annual inter-school athletics meets.  Situated between 2 MRT stations_ Choa Chu Kang Sport Centre has positioned itself as the location of choice for  its sports and recreational activities for residents nearby.  Facility Information:  4 Courts,https://www.myactivesg.com/~/media/Consumer/Images/Facilities/Choa%20Chu%20Kang%20Tennis%20Centre/Choa%20Chu%20Kang%20Tennis%20Centre1.jpg,Daily 7.00am - 10.00pm
Clementi ActiveSG Gym,518 Clementi Avenue 3    Singapore 129907, 68729185,Clementi ActiveSG Gym_ formerly known as Clementi ClubFITT Gym_ is a public gym operated by Sport Singapore. With a busy interchange and train station nearby_ Clementi Sport Centre_ formerly known as Clementi Sport and Recreation Centre_ serves a mature estate with people of different ages_ from kids_ young adults_ to the active seniors. Clementi is the preferred venue for Ministry of Education's basketball championships and is training ground for our Singapore fencing team.  Though it is one of the oldest facility_ Clementi has been able to re-invent itself through bringing amateur boxing to the masses to revive the interest of the working adults.     NOTICE: The gym is closed for maintenance from 21 Jan 2019 to 5 Feb 2019.,https://www.myactivesg.com/~/media/Consumer/Images/Facilities/Clementi%20ActiveSG%20Gym/Clementi%20ActiveSG%20Gym4.jpg,Daily: 7.00am - 10.00pm (Including Public Holidays)
Clementi Sports Centre,518 Clementi Ave 3    Singapore 129907, 67762560,With a busy interchange and train station nearby_ Clementi Sport Centre_ formerly known as Clementi Sport and Recreation Centre_ serves a mature estate with people of different ages_ from kids_ young adults_ to the active seniors.  Clementi is the preferred venue for Ministry of Education's basketball championships and is training ground for our Singapore fencing team. Though it is one of the oldest facility_ Clementi has been able to re-invent itself through bringing amateur boxing to the masses to revive the interest of the working adults.,https://www.myactivesg.com/~/media/Consumer/Images/Facilities/Clementi%20Sports%20Centre/Clementi%20Sports%20Centre.jpg,unknown
Clementi Sports Hall,518 Clementi Avenue 3    Singapore 129907, 67762560,Clementi sport hall is a sport hall operated by Sport Singapore.,https://www.myactivesg.com/~/media/Consumer/Images/Facilities/Clementi%20Sports%20Hall/Clementi%20Sports%20Hall1.jpg,Daily 7.00am – 10.00pm
Clementi Swimming Complex,520 Clementi Avenue 3    Singapore 129908, 67790577,Clementi Swimming Complex is a public swimming complex managed by Sport Singapore. With a busy interchange and train station nearby_ Clementi Sport Centre_ formerly known as Clementi Sport and Recreation Centre_ serves a mature estate with people of different ages_ from kids_ young adults_ to the active seniors.   Clementi is the preferred venue for Ministry of Education's basketball championships and is training ground for our Singapore fencing team.  Though it is one of the oldest facility_ Clementi has been able to re-invent itself through bringing amateur boxing to the masses to revive the interest of the working adults.  Facility Information:  a. 1 Competition Pool  b. 1 Teaching Pool  c. 1 Wading Pool d. Outdoor Cardio Gym Equipment     NOTICE: The facility is closed for maintenance from 2 Apr 2019 - 30 Sep 2019.,https://www.myactivesg.com/~/media/Consumer/Images/Facilities/Clementi%20Swimming%20Complex/Clementi%20Swimming%20Complex2.jpg,unknown
Delta ActiveSG Gym,900 Tiong Bahru Road    Singapore 158790, 64719037,Delta ActiveSG Gym_ formerly known as Delta ClubFITT Gym_ is a public gym operated by Sport Singapore. Delta Sport Centre_ formerly known as Delta Sport and Recreation Centre_ operates in a mature residential estate. Its central location and proximity to central business district makes it a draw with white collar workers. Besides serving the community sporting needs_ it has contributed to the local development of hockey through its accessible and quality hockey pitch.  Delta Sport Centre continues to meet the current needs of the community_ and is striving to extend its reach to the wider population through introducing new sports programmes and rejuvenation of its facilities.,https://www.myactivesg.com/~/media/Consumer/Images/Facilities/Delta%20ActiveSG%20Gym/Delta%20ActiveSG%20Gym4.jpg,Daily: 7.00am - 10.00pm (Including Public Holidays)
Delta Sports Centre,900 Tiong Bahru Road    Singapore 158790, 64719030,Delta Sport Centre_ formerly known as Delta Sport and Recreation Centre_ operates in a mature residential estate. Its central location and proximity to central business district makes it a draw with white collar workers. Besides serving the community sporting needs_ it has contributed to the local development of hockey through its accessible and quality hockey pitch. Delta Sport Centre continues to meet the current needs of the community_ and is striving to extend its reach to the wider population through introducing new sports programmes and rejuvenation of its facilities.,https://www.myactivesg.com/~/media/Consumer/Images/Facilities/Delta%20Sports%20Centre/Delta%20Sports%20Centre.jpg,unknown
Delta Swimming Complex,900 Tiong Bahru Road    Singapore 158790, 64747573,Delta swimming complex is a public swimming complex operated by Sport Singapore. Opened to the public on 7 Nov 79 Delta Sport Centre_ formerly known as Delta Sport and Recreation Centre_ operates in a mature residential estate. Its central location and proximity to central business district makes it a draw with white collar workers. Besides serving the community sporting needs_ it has contributed to the local development of hockey through its accessible and quality hockey pitch.  Delta Sport Centre continues to meet the current needs of the community_ and is striving to extend its reach to the wider population through introducing new sports programmes and rejuvenation of its facilities.  Facility Information: 1 Competition Pool 1 Teaching pool 1 Wading pool  Parking Facilities: 128 (Car) 36 (Motorcycle),https://www.myactivesg.com/~/media/Consumer/Images/Facilities/Delta%20Swimming%20Complex/Delta%20Swimming%20Complex5.jpg,unknown
Farrer Park Field,3 Rutland Road    Singapore 218254, 62994166,Farrer park field is a public sport field managed by Sport Singapore. Facility Information: 1 rugby field 1 soccer field,https://www.myactivesg.com/~/media/Consumer/Images/Facilities/Farrer%20Park%20Field/Farrer%20Park3.jpg,unknown
Farrer Park Tennis Centre,1 Rutland Road    Singapore 218252, 62994166,Farrer Park Tennis Centre is a tennis centre managed by Sport Singapore. Facility Information: 8 Tennis courts 2 Tennis walls,https://www.myactivesg.com/~/media/Consumer/Images/Facilities/Farrer%20Park%20Tennis%20Centre/Farrer%20Park5.jpg,unknown
Geylang East Swimming Complex,601 Aljunied Avenue 1    Singapore 389862, 67457175,,https://www.myactivesg.com/~/media/Consumer/Images/Facilities/Geylang%20East%20Swimming%20Complex/geylang%20east%20swimming%20complex%20(1).jpg,unknown
Heartbeat @ Bedok ActiveSG Sport Centre,11_ BEDOK NORTH STREET 1_     Singapore 469662, 6443 5511 ,,https://www.myactivesg.com/~/media/Consumer/Images/Facilities/Bedok%20Sports%20Centre%20Heartbeat%20Bedok/heartbeatbedok01.jpg,Daily 7.00am – 10.00pm
Home of Athletics,52 Stadium Road    Singapore 397724, ,Kallang Practice Track is a public track managed by Sport Singapore.,https://www.myactivesg.com/~/media/Consumer/Images/Facilities/Kallang%20Home%20of%20Athletics/Kallang%20Practice%20Track%20Home%20of%20the%20Athletics3.jpg,unknown
Hougang ActiveSG Gym,93 Hougang Ave 4 #02-05     Singapore 538832, 63158674,Hougang ActiveSG Gym_ formerly known as Hougang ClubFITT Gym_ is a public gym operated by Sport Singapore. Hougang Sport Centre_ formerly known as Hougang Sport and Recreation Centre_ is located within a mature estate serving its community with its well managed and upgraded facilities. Hougang Sport Centre has enjoyed a high level of utilization in its facilities_ ClubFITT membership_ and sports programmes.  Looking forward_ Hougang Sport Centre will be positioning its offerings to appeal to its market segment_ for which a large portion will be transitioning into the third age.  Facility Information: 1 Gym room,https://www.myactivesg.com/~/media/Consumer/Images/Facilities/Hougang%20ActiveSG%20Gym/Hougang%20ActiveSG%20Gym1.jpg,Daily: 7.00am - 10.00pm (Including Public Holidays)
Hougang Sports Centre,93 Hougang Ave 4    Singapore 538832, 63158671,Hougang Sport Centre_ formerly known as Hougang Sport and Recreation Centre_ is located within a mature estate serving its community with its well managed and upgraded facilities. Hougang Sport Centre has enjoyed a high level of utilization in its facilities_ gym membership_ and sports programmes.  Looking forward_ Hougang Sport Centre will be positioning its offerings to appeal to its market segment_ for which a large portion will be transitioning into the third age.,https://www.myactivesg.com/~/media/Consumer/Images/Facilities/Hougang%20Sports%20Centre/Hougang%20Sports%20Centre.jpg,unknown
Hougang Sports Hall,93 Hougang Avenue 4    Singapore 538832, 63860449,Hougang sport hall is a public sport hall operated by Sport Singapore. Hougang Sport Centre_ formerly known as Hougang Sport and Recreation Centre_ is located within a mature estate serving its community with its well managed and upgraded facilities. Hougang Sport Centre has enjoyed a high level of utilization in its facilities_ ClubFITT membership_ and sports programmes.  Looking forward_ Hougang Sport Centre will be positioning its offerings to appeal to its market segment_ for which a large portion will be transitioning into the third age.,https://www.myactivesg.com/~/media/Consumer/Images/Facilities/Hougang%20Sports%20Hall/Hougang%20Sports%20Hall1.jpg,Daily 7.00am – 10.00pm
Hougang Stadium,100 Hougang Avenue 2    Singapore 538856, 63864856,Hougang Stadium is a public sport stadium operated by Sport Singapore. Facility Information: 1 Pitch 8 Lane Running Track 1 Fitness Corner,https://www.myactivesg.com/~/media/Consumer/Images/Facilities/Hougang%20Stadium/Hougang%20Stadium4.jpg,Daily 4.30am – 8.30pm
Hougang Swimming Complex,95 Hougang Avenue 4    Singapore 538830, 63865010,Hougang Swimming Complex is a public swimming complex managed by Sport Singapore. Facility Information: 1 Competition Pool 1 Teaching Pool 1 Wading Pool,https://www.myactivesg.com/~/media/Consumer/Images/Facilities/Hougang%20Swimming%20Complex/Hougang%20Swimming%20Complex5.jpg,unknown
Jalan Besar Sports Centre,100 Tyrwhitt Road    Singapore 207542, 62939058,Jalan Besar Sport Centre_ formerly known as Jalan Besar Sport and Recreation Centre_ operates the Jalan Besar Swimming Complex_ Stadium and Farrer Park Tennis Centre and Field. It also jointly manages the Co-Curriculum Activities Branch (CCAB) which includes its Swimming Complex_ Sports Hall_ Hockey Pitch_ and other outdoor facilities. Besides serving as home ground of our national team during the renovation of the National Stadium_ Jalan Besar hosted the Asian Youth Games (2009)_ and the Youth Olympics Games (2010)_ which brought many of the young audience their closest experience of the Kallang roar.,https://www.myactivesg.com/~/media/Consumer/Images/Facilities/Jalan%20Besar%20Sports%20Centre/Jalan%20Besar%20Sports%20Centre.jpg,unknown
Jalan Besar Stadium,100 Tyrwhitt Road    Singapore 207542, 62939058,Jalan besar stadium is a public stadium managed by Sport Singapore. Facility Information: 1 Synthetic Football pitch_ stadium capacity approx 7100,https://www.myactivesg.com/~/media/Consumer/Images/Facilities/Jalan%20Besar%20Stadium/Jalan%20Besar%20Stadium1.jpg,unknown
Jalan Besar Swimming Complex,100 Tyrwhitt Road    Singapore 207542, 62939058,Jalan Besar Swimming Complex is a public swimming complex managed by Sport Singapore. Facility Information: 1 Wading Pool 1 Teaching Pool 1 Competition Pool,https://www.myactivesg.com/~/media/Consumer/Images/Facilities/Jalan%20Besar%20Swimming%20Complex/Jalan%20Besar%20Swimming%20Complex5.jpg,unknown
Jurong East ActiveSG Gym,21 Jurong East Street 31    Singapore 609517, 68963569,Jurong East ActiveSG Gym_ formerly known as Jurong East ClubFITT Gym_ is a public gym operated by Sport Singapore. Being the first one-stop integrated centre_ Jurong East Sport Centre_ formerly known as Jurong East Sport and Recreation Centre_ marks a milestone in Sport Singapore’s facilities development when it opened in 2000. It was the first pool to offer a lazy river_ wave pool and fun slides to the masses at an affordable rate.  With its other facilities like air-conditioned sports hall_ stadium_ fitness gym_ Jurong East Sport Centre prides itself as a preferred venue for community events_ tournaments and a leisure day out for all.  Facility Information: Jurong East ActiveSG Gym,https://www.myactivesg.com/~/media/Consumer/Images/Facilities/Jurong%20East%20ActiveSG%20Gym/Jurong%20East%20ActiveSG%20Gym1.jpg,Daily: 7.00am - 10.00pm (Including Public Holidays)
Jurong East Gateball Court,21 Jurong East Street 31    Singapore 609517, 65635052,Jurong East Gateball Court is facility managed under Jurong East Sport Centre.,https://www.myactivesg.com/~/media/Consumer/Images/Facilities/Facility%20Photo/19049432331436504518jpg.jpg,unknown
Jurong East Petanque Courts,21 Jurong East Street 31    Singapore 609517, 65635052,Jurong East Petanque Court is a facility managed under Jurong East Sport Centre.,https://www.myactivesg.com/~/media/Consumer/Images/Facilities/Facility%20Photo/13189720191436504548jpg.jpg,unknown
Jurong East Sport Hall,21 Jurong East Street 31    Singapore, 65635052,Jurong East Sport Hall is a facility managed under Jurong East Sport Centre.,https://www.myactivesg.com/assets/consumer/images/active_sg.jpg,unknown
Jurong East Sports Centre,21 Jurong East St 31    Singapore 609517, 65635052,Being the first one-stop integrated centre_ Jurong East Sport Centre_ formerly known as Jurong East Sport and Recreation Centre_ marks a milestone in Sport Singapore’s facilities development when it opened in 2000.  It was the first pool to offer a lazy river_ wave pool and fun slides to the masses at an affordable rate.  With its other facilities like air-conditioned sport hall_ stadium_ fitness gym_ Jurong East Sport Centre prides itself as a preferred venue for community events_ tournaments and a leisure day out for all.,https://www.myactivesg.com/~/media/Consumer/Images/Facilities/Jurong%20East%20Sports%20Centre/Jurong%20East%20Sports%20Centre3.jpg,unknown
Jurong East Stadium,21 Jurong East Street 31    Singapore 609517, 65635052,Jurong East Stadium is a public stadium managed by Sport Singapore. Being the first one-stop integrated centre_ Jurong East Sports Centre_ formerly known as Jurong East Sport and Recreation Centre_ marks a milestone in Sport Singapore’s facilities development when it opened in 2000. It was the first pool to offer a lazy river_ wave pool and fun slides to the masses at an affordable rate.  With its other facilities like air-conditioned sport hall_ stadium_ fitness gym_ Jurong East Sport Centre prides itself as a preferred venue for community events_ tournaments and a leisure day out for all.  Facility Information: 1 Field 1 Jogging Track     NOTICE: The Stadium will be close from 3 Dec 2018 - 5 April 2019.,https://www.myactivesg.com/~/media/Consumer/Images/Facilities/Jurong%20East%20Stadium/Jurong%20East%20Stadium1.jpg,Daily 7.00am – 7.30pm
Jurong East Swimming Complex,21 Jurong East Street 31    Singapore 609517, 65635052,Jurong East Swimming Complex is a public swimming complex managed by Sport Singapore. Being the first one-stop integrated centre_ Jurong East Sport Centre_ formerly known as Jurong East Sport and Recreation Centre_ marks a milestone in Sport Singapore’s facilities development when it opened in 2000. It was the first pool to offer a lazy river_ wave pool and fun slides to the masses at an affordable rate.  With its other facilities like air-conditioned sport hall_ stadium_ fitness gym_ Jurong East Sport Centre prides itself as a preferred venue for community events_ tournaments and a leisure day out for all.  Facility Information: 1 Competition Pool  1 Wave Pool  1 Lazy River 1 Kiddy Pool Stream Course 1 Mushroom 1 Jacuzzi 3 Water Slides (Yellow_ Red & Blue)     NOTICE:  Please be informed that Slide Tower & Jacuzzi from 12 Oct 2018 will be temporarily closed till further notice due to urgent maintenance.,https://www.myactivesg.com/~/media/Consumer/Images/Facilities/Jurong%20East%20Swimming%20Complex/Jurong%20East%20Swimming%20Complex3.jpg,unknown
Jurong Stadium,10 Fourth Chin Bee Road    Singapore 619821, ,Jurong Stadium is a public stadium managed by Sport Singapore. Facility Information: 1 Field,https://www.myactivesg.com/~/media/Consumer/Images/Facilities/Jurong%20Stadium/jurong%20stadium.jpg,unknown
Jurong West ActiveSG Gym,20 Jurong West Street 93    Singapore 648965, 65155330,Jurong West ActiveSG Gym_ formerly known as Jurong West ClubFITT Gym_ is a public gym operated by Sport Singapore. As the 3rd integrated facility with pool features_ Jurong West Sport Centre_ formerly known as Jurong West Sport and Recreation Centre_ has raised the benchmark for all swimming pools in 2006. With close proximity to the Pioneer MRT station_ it has been able to position itself to be a sport and leisure venue.  More than just being a choice venue for sports activities_ Jurong West Sport Centre offers a range of  food and beverage outlets with ample sheltered parking lots.,https://www.myactivesg.com/~/media/Consumer/Images/Facilities/Jurong%20West%20ActiveSG%20Gym/Jurong%20West%20ActiveSG%20Gym1.jpg,Daily: 7.00am - 10.00pm (Including Public Holidays)
Jurong West Sports Centre,20 Jurong West St 93    Singapore 648965, 65155331,As the 3rd integrated facility with pool features_ Jurong West Sport Centre_ formerly known as Jurong West Sport and Recreation Centre_ has raised the benchmark for all swimming pools in 2006.  With close proximity to the Pioneer MRT station_ it has been able to position itself to be a sport and leisure venue.  More than just being a choice venue for sport activities_ Jurong West Sport Centre offers a range of food and beverage outlets with ample sheltered parking lots.,https://www.myactivesg.com/~/media/Consumer/Images/Facilities/Jurong%20West%20Sports%20Centre/Jurong%20West%20Sports%20Centre.jpg,unknown
Jurong West Stadium,20 Jurong West Street 93    Singapore 648965, 65155330,Jurong west stadium is a public sport stadium managed by Sport Singapore. As the 3rd integrated facility with pool features_ Jurong West Sport Centre_ formerly known as Jurong West Sport  and Recreation Centre_ has raised the benchmark for all swimming pools in 2006. With close proximity to the  Pioneer MRT station_ it has been able to position itself to be a sport and leisure venue.  More than just being a choice venue for sports activities_ Jurong West Sport Centre offers a range of food and  beverage outlets with ample sheltered parking lots.  New facility (Dual Use Track): Lane 1-4 (Running) Lane 5-8 (Cycling/Inline Skate)    NOTICE: The Field is closed for maintenance from 1 Feb 2019 to 28 Feb 2019.,https://www.myactivesg.com/~/media/Consumer/Images/Facilities/Jurong%20West%20Stadium/Jurong%20West%20Stadium6.jpg,unknown
Jurong West Swimming Complex,20 Jurong West Street 93    Singapore 648965, 65155330,Jurong West Swimming Complex is a public swimming complex managed by Sport Singapore. As the 3rd integrated facility with pool features_ Jurong West Sport Centre_ formerly known as Jurong West Sport  and Recreation Centre_ has raised the benchmark for all swimming pools in 2006. With close proximity to the  Pioneer MRT station_ it has been able to position itself to be a sports and leisure venue.  More than just being a choice venue for sports activities_ Jurong West Sport Centre offers a range of food and beverage outlets with ample sheltered parking lots.,https://www.myactivesg.com/~/media/Consumer/Images/Facilities/Jurong%20West%20Swimming%20Complex/Jurong%20West%20Swimming%20Complex2.jpg,unknown
Jurong West Tennis Centre,20 Jurong West Street 93    Singapore 648965, 65155330,Jurong west tennis centre is a public tennis centre managed by Sport Singapore. As the 3rd integrated facility with pool features_ Jurong West Sport Centre_ formerly known as Jurong West Sport and Recreation Centre_ has raised the benchmark for all swimming pools in 2006. With close proximity to the  Pioneer MRT station_ it has been able to position itself to be a sport and leisure venue.  More than just being a choice venue for sports activities_ Jurong West Sport Centre offers a range of  food and beverage outlets with ample sheltered parking lots.,https://www.myactivesg.com/~/media/Consumer/Images/Facilities/Jurong%20West%20Tennis%20Centre/Jurong%20West%20Tennis%20Courts3.jpg,unknown
Kallang Basin Swimming Complex,23 Geylang Bahru Lane    Singapore 339628, 62954261,Kallang Basin Swimming Complex is a swimming complex managed by Sport Singapore.,https://www.myactivesg.com/~/media/Consumer/Images/Facilities/Kallang%20Basin%20Swimming%20Complex/Kallang%20Swimming%20Complex7.jpg,unknown
Kallang Lawn Bowl,8 Stadium Boulevard    Singapore 397724, 63481291,Kallang Lawn Bowl is a lawn bowl managed by Sport Singapore.,https://www.myactivesg.com/~/media/Consumer/Images/Facilities/Kallang%20Lawn%20Bowl/Kallang%20Lawn%20Bowl%20(1).jpg,unknown
Kallang Netball Centre,6 Stadium Boulevard    Singapore 397797, 63481291,Kallang Netball Centre is a netball centre managed by Sport Singapore.,https://www.myactivesg.com/~/media/Consumer/Images/Facilities/Kallang%20Netball%20Centre/Kallang%20Netball%20Centre1.jpg,unknown
Kallang Sports Centre,52 Stadium Road    Singapore 397724, 63481291,Kallang Sport Centre_ formerly known as Kallang Sport and Recreation Centre_ serves the residents in the east and offer a value for money option for a lazy weekend exercise or tan.,https://www.myactivesg.com/~/media/Consumer/Images/Facilities/Kallang%20Sports%20Recreation%20Centre/Kallang%20Lawn%20Bowl%20(3).jpg,unknown
Kallang Squash Centre,8 Stadium Boulevard    Singapore 397804, 63481291,Kallang Squash Centre is a squash centre managed by Sport Singapore.,https://www.myactivesg.com/~/media/Consumer/Images/Facilities/Kallang%20Squash%20Centre/Kallang%20Squash%20and%20Tennis%20Centre5.jpg,unknown
Kallang Tennis Centre,8 Stadium Boulevard    Singapore 397804, 63481291,Kallang Tennis Centre is a tennis centre managed by Sport Singapore.,https://www.myactivesg.com/~/media/Consumer/Images/Facilities/Kallang%20Tennis%20Centre/Kallang%20Squash%20and%20Tennis%20Centre14.jpg,unknown
Katong Swimming Complex,111 Wilkinson Road    Singapore 436752, 63449609,Katong Swimming Complex is a swimming complex managed by Sport Singapore.,https://www.myactivesg.com/~/media/Consumer/Images/Facilities/Katong%20Swimming%20Complex/Katong%20Swimming%20Complex2.jpg,unknown
Pasir Ris ActiveSG Gym,120 Pasir Ris Central    Singapore 519640, 65839891,Pasir Ris ActiveSG Gym_ formerly known as Pasir Ris ClubFITT Gym_ is a public gym operated by Sport Singapore. Pasir Ris Sport Centre_ formerly known as Paris Ris Sport and Recreation Centre_ Sport Singapore’s newest addition to its family of sport centres_ features a comprehensive range of sports facilities with a diverse retail mix to provide an all rounded experience for guests.  Pasir Ris Sport Centre has also been awarded BCA 1000th Green Mark award – Gold Plus is designed with environmentally friendly and energy-saving features such as a rainwater-harvesting system to irrigate surrounding plants_ vertical ‘green’ walls and landscaping to reduce ambient heat gained_ and photo-voltaic cells for energy generation.     NOTICE: The facility is closed for maintenance from 12 Feb 2019 to 15 Mar 2019.,https://www.myactivesg.com/~/media/Consumer/Images/Facilities/Pasir%20Ris%20ActiveSG%20Gym/Pasir%20Ris%20ActiveSG%20Gym.jpg,Daily: 7.00am - 10.00pm (Including Public Holidays)
Pasir Ris Sports Centre,120 Pasir Ris Central    Singapore 519640, 65832696,Pasir Ris Sport Centre_ formerly known as Paris Ris Sport and Recreation Centre_ Sport Singapore’s newest addition to its family of sport centres_ features a comprehensive range of sport facilities with a diverse retail mix to provide an all rounded experience for guests. Pasir Ris Sport Centre has also been awarded BCA 1000th Green Mark award – Gold Plus is designed with environmentally friendly and energy-saving features such as a rainwater-harvesting system to irrigate surrounding plants_ vertical ‘green’ walls and landscaping to reduce ambient heat gained_ and photo-voltaic cells for energy generation.  Opening Hours:  7.00am - 10.00pm,https://www.myactivesg.com/~/media/Consumer/Images/Facilities/Pasir%20Ris%20Sports%20Recreation%20Centre/Pasir%20Ris%20Sports%20Complex1.jpg,unknown
Pasir Ris Sports Hall,120 Pasir Ris Central    Singapore 519640, 65838557,Pasir Ris Sport Hall is a public sports hall managed by Sport Singapore. Pasir Ris Sport Centre_ formerly known as Paris Ris Sport and Recreation Centre_ Sport Singapore’s newest addition to its family of sport centres_ features a comprehensive range of sport facilities with a diverse retail mix to provide an all rounded experience for guests.  Pasir Ris Sport Centre has also been awarded BCA 1000th Green Mark award – Gold Plus is designed with environmentally friendly and energy-saving features such as a rainwater-harvesting system to irrigate surrounding plants_ vertical ‘green’ walls and landscaping to reduce ambient heat gained_ and photo-voltaic cells for energy generation.     NOTICE: Pasir Ris Sport Hall is closed for maintenance on 15 Feb 2019.,https://www.myactivesg.com/~/media/Consumer/Images/Facilities/Pasir%20Ris%20Sports%20Hall/Pasir%20Ris%20Sports%20Hall.jpg,Daily 7.00am – 10.00pm
Pasir Ris Swimming Complex,120 Pasir Ris Central    Singapore 519640, 65835523,Pasir Ris Swimming Complex is a public swimming complex managed by Sport Singapore. Pasir Ris Sport Centre_ formerly known as Paris Ris Sport and Recreation Centre_ Sport Singapore’s newest addition to its family of sport centres_ features a comprehensive range of sport facilities with a diverse retail mix to provide an all rounded experience for guests.  Pasir Ris Sport Centre has also been awarded BCA 1000th Green Mark award – Gold Plus is designed with environmentally friendly and energy-saving features such as a rainwater-harvesting system to irrigate surrounding plants_ vertical ‘green’ walls and landscaping to reduce ambient heat gained_ and photo-voltaic cells for energy generation.  Facility Information: 1 Competition Pool 1 Teaching Pool 2 Slides 1 Catchment Pool 1 Fun Pool/ Wading Pool 1 Jacuzzi     NOTICE: The slides is closed for maintenance from 28 Jan 2019 - 31 Jan 2019.,https://www.myactivesg.com/~/media/Consumer/Images/Facilities/Pasir%20Ris%20Swimming%20Complex/Pasir%20Ris%20Swimming%20Complex%20New1.jpg,Daily 8.00am - 9.30pm  (closed on Wednesdays except public holidays)  Morning Swim:  Competition Pool  opens 6.30am on Fridays
Pasir Ris Tennis Centre,120 Pasir Ris Central    Singapore 519640, 65832696,Pasir Ris Tennis Centre is a public tennis centre managed by Sport Singapore. Pasir Ris Sport Centre_ formerly known as Paris Ris Sport and Recreation Centre_ Sport Singapore’s newest addition to its family of sport centres_ features a comprehensive range of sports facilities with a diverse retail mix to provide an all rounded experience for guests.  Pasir Ris Sport Centre has also been awarded BCA 1000th Green Mark award – Gold Plus is designed with environmentally friendly and energy-saving features such as a rainwater-harvesting system to irrigate surrounding plants_ vertical ‘green’ walls and landscaping to reduce ambient heat gained_ and photo-voltaic cells for energy generation.,https://www.myactivesg.com/~/media/Consumer/Images/Facilities/Pasir%20Ris%20Tennis%20Centre/Pasir%20Ris%20Tennis%20Court.jpg,unknown
Queenstown Sports Centre,473 Stirling Road    Singapore 148948, 64737269,Queenstown Sport Centre_ formerly known as Queenstown Sport and Recreation Centre_ continues to attract a group of regulars which consist of locals and expatriates alike. Queenstown operates one of the two diving pools managed by Sport Singapore_ and it has a unique architecture which gives the guest an elevated view of its surrounding. Visitors to Queenstown will no doubt experience a sense of nostalgia_ with many older Singaporeans sharing fond memories of this iconic location. Queenstown continue to serve its community while eagerly awaiting the next phase of development for a new chapter in its long heritage.,https://www.myactivesg.com/~/media/Consumer/Images/Facilities/Queenstown%20Sports%20Recreation%20Centre/Queens%20Town%20Sports%20Centre1.jpg,unknown
Queenstown Stadium,473A Stirling Road    Singapore 148949, ,Queenstown Stadium is a public sport stadium operated by Sport Singapore. Queenstown Sport Centre_ formerly known as Queenstown Sport and Recreation Centre_ continues to attract a group of regulars which consist of locals and expatriates alike. Queenstown operates one of the two diving pools managed by Sport Singapore_ and it has a unique architecture which gives the guest an elevated view of its surrounding. Visitors to Queenstown will no doubt experience a sense of nostalgia_ with many older Singaporeans sharing fond memories of this iconic location.  Queenstown continue to serve its community while eagerly awaiting the next phase of development for a new chapter in its long heritage.,https://www.myactivesg.com/~/media/Consumer/Images/Facilities/Queenstown%20Stadium/Queens%20Town%20Stadium1.jpg,unknown
Queenstown Swimming Complex,473 Stirling Road    Singapore 148948, ,Queenstown Swimming Complex is a public swimming complex operated by Sport Singapore. Queenstown Sport Centre_ formerly known as Queenstown Sport and Recreation Centre_ continues to attract a group of regulars which consist of locals and expatriates alike. Queenstown operates one of the two diving pools managed by Sport Singapore_ and it has a unique architecture which gives the guest an elevated view of its surrounding. Visitors to Queenstown will no doubt experience a sense of nostalgia_ with many older Singaporeans sharing fond memories of this iconic location.  Queenstown continue to serve its community while eagerly awaiting the next phase of development for a new chapter in its long heritage.,https://www.myactivesg.com/~/media/Consumer/Images/Facilities/Queenstown%20Swimming%20Complex/Queens%20Town%20Swimming%20Complex4.jpg,unknown
Sengkang ActiveSG Gym,57 Anchorvale Road    Singapore 544964, ,Sengkang ActiveSG Gym_ formerly known as Sengkang ClubFITT Gym_ is a public gym operated by Sport Singapore. Sengkang Sport Centre_ formerly known as Sengkang Sport and Recreation Centre_ is co-located with the People’s Association Anchorvale Community Club_ and offers one of the two sheltered pool managed by Sports Singapore. Sengkang has established itself as a world class venue for hockey_ with significant facility upgrades being undertaken for the inaugural Youth Olympic Games (2010).  Sengkang Sport Centre is located within a young estate. The attention will be to engage the local community_ and to develop programmes which appeals to their needs     NOTICE: The gym is closed for maintenance from 2 Jan 2019 to 6 Mar 2019.,https://www.myactivesg.com/~/media/Consumer/Images/Facilities/Sengkang%20ActiveSG%20Gym/Sengkang%20ActiveSG%20Gym4.jpg,Daily: 7.00am - 10.00pm (Including Public Holidays)
Sengkang Hockey Pitch,57 Anchorvale Road    Singapore 544964, 6315 3575/6315 3576 ,Opening hours 7.00am to 10.00pm daily   Facilities Type: 2 Hockey Fields Seating Capacity: 500 for Field 1 and 323 for Field 2  Parking Facilities: 174 (Car),https://www.myactivesg.com/~/media/Consumer/Images/Facilities/Sengkang%20Hockey%20Stadium/Sengkang%20Hockey%20Stadium1.jpg,unknown
Sengkang Sports Centre,57 Anchorvale Rd     Singapore 544964, 63153574,Sengkang Sport Centre_ formerly known as Sengkang Sport and Recreation Centre_ is co-located with the People’s Association Anchorvale Community Club_ and offers one of the two sheltered pool managed by Sports Singapore. Sengkang has established itself as a world class venue for hockey_ with significant facility upgrades being undertaken for the inaugural Youth Olympic Games (2010).  Sengkang Sport Centre is located within a young estate. The attention will be to engage the local community_ and to develop programmes which appeals to their needs.,https://www.myactivesg.com/~/media/Consumer/Images/Facilities/Sengkang%20Sports%20Recreation%20Centre/Sengkang%20Sports%20Centre2.jpg,unknown
Sengkang Sports Hall,57 Anchorvale Road    Singapore 544964, ,Sengkang Sport Hall is a public sport hall managed by Sport Singapore. Sengkang Sport Centre_ formerly known as Sengkang Sport and Recreation Centre_ is co-located with the People’s Association Anchorvale Community Club_ and offers one of the two sheltered pool managed by Sport Singapore. Sengkang has established itself as a world class venue for hockey_ with significant facility upgrades being undertaken for the inaugural Youth Olympic Games (2010).  Sengkang Sport Centre is located within a young estate. The attention will be to engage the local community_ and to develop programmes which appeals to their needs,https://www.myactivesg.com/~/media/Consumer/Images/Facilities/Facility%20Photo/13249137981436843972jpg.jpg,unknown
Sengkang Swimming Complex,57 Anchorvale Road    Singapore 544964, ,Sengkang Swimming Complex is a public swimming complex managed by Sport Singapore. Sengkang Sport Centre_ formerly known as Sengkang Sport and Recreation Centre_ is co-located with the People’s Association Anchorvale Community Club_ and offers one of the two sheltered pool managed by Sport Singapore. Sengkang has established itself as a world class venue for hockey_ with significant facility upgrades being undertaken for the inaugural Youth Olympic Games (2010).  Sengkang Sport Centre is located within a young estate. The attention will be to engage the local community_ and to develop programmes which appeals to their needs     NOTICE: The swimming pool slides are closed for maintenance from 22 Feb to 3 Mar 2019.,https://www.myactivesg.com/~/media/Consumer/Images/Facilities/Sengkang%20Swimming%20Complex/Sengkang%20Swimming%20Complex10.jpg,unknown
Serangoon Sports Centre,35-A Yio Chu Kang Road    Singapore 545552, 62884606,Serangoon Sport Centre_ formerly known as Serangoon Sport and Recreation Centre_ operates in a mature estate_ serving the basic needs of the community through offering a safe venue for jogging_ and a well managed swimming complex. Burghley continues to offer an alternative venue for residents who are looking to engage in squash and tennis within the estate. Serangoon has adopted a friendly and welcoming approach when interacting with our guest_ and its operation is supported by a group of committed and experienced staff.,https://www.myactivesg.com/~/media/Consumer/Images/Facilities/Serangoon%20Sports%20Recreation%20Centre/Serangoon%20Stadium8.jpg,unknown
Serangoon Stadium,33 Yio Chu Kang Road    Singapore 545677, 62880086,Serangoon Stadium is a stadium managed by Sport Singapore.,https://www.myactivesg.com/~/media/Consumer/Images/Facilities/Serangoon%20Stadium/Serangoon%20Stadium5.jpg,unknown
Serangoon Swimming Complex,35-A Yio Chu Kang Road     Singapore 545552, 62884606,Serangoon Swimming Complex is a swimming complex managed by Sport Singapore.,https://www.myactivesg.com/~/media/Consumer/Images/Facilities/Serangoon%20Swimming%20Complex/Serangoon%20Swimming%20Complex6.jpg,unknown
St Wilfred Field,3 St. Wilfred Road    Singapore 327920, ,St Wilfrid Field is a field managed by Sport Singapore. Facility Information:    1 Synthetic Pitch  2 5-a-side Synthetic Pitch,https://www.myactivesg.com/~/media/Consumer/Images/Facilities/St%20Wilfred%20Field/St%20Wilfred%20Football%20Field1.jpg,Daily :  7.00am - 9.00pm  * St Wilfred 5-a-side field 02 and 5-a-side field 03 closure due to Maintenance or Upgrade from 22 Dec 2017 till further notice.
St Wilfred Squash Centre,3 St. Wilfred Road    Singapore 327920, ,St Wilfrid Squash Centre is a squash centre managed by Sport Singapore Facility Information:  2 Squash Courts,https://www.myactivesg.com/~/media/Consumer/Images/Facilities/St%20Wilfred%20Squash%20Centre/St%20Wilfred%20Squash%20Courts1.jpg,Daily: 7.00am - 10.00pm
St Wilfred Tennis Centre,3 St. Wilfred Road    Singapore 327920, 62933452,St Wilfrid Tennis Centre is a tennis centre managed by Sport Singapore. Facility Information:  4 Tennis Court,https://www.myactivesg.com/~/media/Consumer/Images/Facilities/St%20Wilfred%20Tennis%20Centre/St%20Wilfred%20Tennis%20Courts1.jpg,Daily : 7.00am - 10.00pm
Tampines ActiveSG Gym,1 Tampines Walk     Singapore 528523, 63853718,Tampines ActiveSG Gym_ formerly known as Tampines ClubFITT Gym_ is a public gym operated by Sport Singapore. Tampines Sport Centre_ formerly known as Tampines Sport and Recreation Centre_ is located just across the Tampines regional centre_ and boasts one of the biggest ActiveSG gyms. Its location allows it to appeal to both the residents and tertiary students within the estate_ and also the working adults from the regional centre.  Tampines has undergone significant upgrades for its swimming complex_ and continues to provide value for money recreational activities for its community. Looking ahead_ its current positioning will favour it to tap into the emerging trend of lifestyle servces.,https://www.myactivesg.com/~/media/Consumer/Images/Facilities/Tampines%20ActiveSG%20Gym/Tampines%20ActiveSG%20Gym3.jpg,Daily: 7.00am - 10.00pm (Including Public Holidays) ------------------------------------------------------------------------  Gym Ladies Hour - Every Monday_ 2.00pm - 4.00pm (except for EPH and PH) - Strictly for ladies only
Tampines Sports Centre,495 Tampines Ave 5    Singapore 529649, 62601160,Tampines Sport Centre_ formerly known as Tampines Sport and Recreation Centre_ is located just across the Tampines regional centre_ and boasts one of the biggest ClubFITT gyms. Its location allows it to appeal to both the residents and tertiary students within the estate_ and also the working adults from the regional centre. Tampines Sport Centre currently has 2 Dance Studios_ 4 Pools & 1 Gym. Tampines has undergone significant upgrades for its swimming complex_ and continues to provide value for money recreational activities for its community. Looking ahead_ its current positioning will favour it to tap into the emerging trend of lifestyle services.,https://www.myactivesg.com/~/media/Consumer/Images/Facilities/Tampines%20Sports%20and%20Recreation%20Centre/Tampines%20Sports%20Centre.jpg,unknown
Toa Payoh ActiveSG Gym,301 Lorong 6 Toa Payoh    Singapore 319392, 62594808,Toa Payoh ActiveSG Gym_ formerly known as Toa Payoh ClubFITT Gym_ is a public gym operated by Sport Singapore. Facility Information:  Standard Gym Equipment,https://www.myactivesg.com/~/media/Consumer/Images/Facilities/Toa%20Payoh%20ActiveSG%20Gym/Toa%20Payoh%20ActiveSG%20Gym4.jpg,Daily: 7.00am - 10.00pm (Including Public Holidays)
Toa Payoh Petanque Courts,297 Lorong 6 Toa Payoh    Singapore 319389, 62594808,Toa Payoh Petanque Courts is a court managed by Sport Singapore. Facility Information:  8 Petanque Courts,https://www.myactivesg.com/~/media/Consumer/Images/Facilities/Toa%20Payoh%20Petanque%20Courts/Toa%20Payoh%20Petanque2.jpg,Daily : 7.00am - 9.00pm
Toa Payoh Sports Centre,297A Lor 6 Toa Payoh    Singapore 319389, 62594808,Toa Payoh Sport Centre_ formerly known as Toa Payoh Sport and Recreation Centre_ operates in a geographically centralized location_ housing the Singapore Table Tennis Association_ and the Singapore Swimming Association’s office and Centre of Excellence.  Toa Payoh has a rich history in hosting competition_ and participated in the Asian Youth Games (2009) and Youth Olympics Games (2010) for sports such as volleyball_ diving_ and weightlifting.   With Toa Payoh being opened up to members of the public_ its upgraded infrastructure will continue to support future sporting events_ but more importantly_ to provide the facilities to develop our next sporting champions and the resident community.,https://www.myactivesg.com/~/media/Consumer/Images/Facilities/Toa%20Payoh%20Sports%20Recreation%20Centre/Toa%20Payoh%20Sports%20Centre.jpg,unknown
Toa Payoh Sports Hall,297 Lorong 6 Toa Payoh    Singapore 319389, 62594808,Toa Payoh Sport Hall is a public sport hall managed by Sport Singapore. Facility Information: 4 Baminton Courts,https://www.myactivesg.com/~/media/Consumer/Images/Facilities/Toa%20Payoh%20Sports%20Hall/Toa%20Payoh%20Sports%20Hall2.jpg,Daily : 7.00am - 10.00pm
Toa Payoh Stadium,297 Lorong 6 Toa Payoh    Singapore 319389, 62594808,Toa Payoh Stadium Facility Information:  1 Pitch  8 Lane Running Track 1 Fitness Corner,https://www.myactivesg.com/~/media/Consumer/Images/Facilities/Toa%20Payoh%20Stadium/Toa%20Payoh%20Stadium3.jpg,Daily: 4.30am - 8.30pm
Toa Payoh Swimming Complex,301 Lorong 6 Toa Payoh    Singapore 319392, 62594808,"Toa Payoh Swimming Complex is a public swimming complex managed by Sport Singapore. Facility Information:  1 Competition Pool  1 Teaching Pool  1 Wading Pool""     NOTICE: The competition pool and teaching pool in Toa Payoh Swimming Complex is closed for maintenance from 20 Feb 2019 to 20 Apr 2019. The wading pool remains open for public use.",https://www.myactivesg.com/~/media/Consumer/Images/Facilities/Toa%20Payoh%20Swimming%20Complex/Toa%20Payoh%20Swimming%20Complex7.jpg,unknown
Woodlands ActiveSG Gym,3_ WOODLANDS STREET 13    Singapore 738600, 63629100,Woodlands ActiveSG Gym_ formerly known as Woodlands ClubFITT Gym_ is a neighbourhood gym operated by Sport Singapore. Woodlands Sport Centre_ formerly known as Woodlands Sport and Recreation Centre_  operates in a mature estate_ serving its community with its well managed and upgraded facilities.  It has attracted a sizable following among the residents in the community_ and is able to tap  on the Woodlands regional centre to offer it an alternative segment for further growth.,https://www.myactivesg.com/~/media/Consumer/Images/Facilities/Woodlands%20ActiveSG%20Gym/Woodland%20ActiveSG%20Gym1.jpg,Daily: 7.00am - 10.00pm (Including Public Holidays)
Woodlands Sports Centre,2_ WOODLANDS STREET 13_     Singapore 738599, 62694192,Woodlands Sport Centre_ formerly known as Woodlands Sport and Recreation Centre_ operates in a mature estate_ serving its community with its well managed and upgraded facilities. It has attracted a sizable following among the residents in the community_ and is able to tap on the Woodlands regional centre to offer it an alternative segment for further growth. Woodlands Sport Centre has introduced Aqua Aerobics at its Swimming Complex_ and will continue to expand its programme offerings at its facilities to expand its market segment.,https://www.myactivesg.com/~/media/Consumer/Images/Facilities/Facility%20Photo/Woodlands_2011_Picturewords_5536.jpg,unknown
Woodlands Sports Hall,2 Woodlands St 12     Singapore 738620, 63652707,Woodlands Sport Centre has introduced Aqua Aerobics at its Swimming Complex_ and will continue to expand its programme offerings at its facilities to expand its market segment. Facility Information: 6 badminton courts,https://www.myactivesg.com/~/media/Consumer/Images/Facilities/Facility%20Photo/244449171437016770jpg.jpg,unknown
Woodlands Stadium,1 Woodlands St 13    Singapore 738597, 62693892,Woodlands stadium is a public sport stadium operated by Sport Singapore. Woodlands Sport Centre_ formerly known as Woodlands Sport and Recreation Centre_ operates  in a mature estate_ serving its community with its well managed and upgraded facilities. It has  attracted a sizable following among the residents in the community_ and is able to tap on the  Woodlands regional centre to offer it an alternative segment for further growth.     Facility Information: 1 football pitch_ 8 running tracks and 1 fitness corner,https://www.myactivesg.com/~/media/Consumer/Images/Facilities/Woodlands%20Stadium/Woodland%20Stadium1.jpg,Daily 4.30am – 9.30pm
Woodlands Swimming Complex,3 Woodlands St 13     Singapore 738600, 62694192,Woodlands Swimming Complex is a public swimming complex managed by Sport Singapore. Woodlands Sport Centre_ formerly known as Woodlands Sport and Recreation Centre_ operates in a mature estate_ serving its community with its well managed and upgraded facilities. It has attracted a sizable following among the residents in the community_ and is able to tap on the Woodlands regional centre to offer it an alternative segment for further growth.  Woodlands Sport Centre has introduced Aqua Aerobics at its Swimming Complex_ and will continue to expand its programme offerings at its facilities to expand its market segment.  Facility Information: 1 competition pool_ 1 teaching pool and 1 wading pool,https://www.myactivesg.com/~/media/Consumer/Images/Facilities/Woodlands%20Swimming%20Complex/Woodland%20Swimming%20Complex1.jpg,unknown
Yio Chu Kang ActiveSG Gym,200 Ang Mo Kio Avenue 9    Singapore 569770, 64824980,Yio Chu Kang ActiveSG Gym_ formerly known as Yio Chu Kang ClubFITT Gym_ is a public gym operated by Sport Singapore. Facilities Type: Standard gymnasium equipment   Parking Facilities: 225 (Car)_ 74 (Motorcycle)_ 2 (Handicap),https://www.myactivesg.com/~/media/Consumer/Images/Facilities/Yio%20Chu%20Kang%20ActiveSG%20Gym/Yio%20Chu%20Kang%20ActiveSG%20Gym1.jpg,Daily: 7.00am - 10.00pm (Including Public Holidays)
Yio Chu Kang Sports Centre,200_ ANG MO KIO AVENUE 9_     Singapore 569770, 64839370,Yio Chu Kang Sport Centre_ formerly known as Yio Chu Kang Sport and Recreation Centre_ offers a spacious layout which best resembles a clubhouse. Its location besides the Yio Chu Kang MRT station and bus interchange makes it extremely accessible. Yio Chu Kang serves a wide range of population segment located within close proximity_ with Nanyang Polytechnic on its left_ a commercial industrial park to its right_ and the grassroots club,https://www.myactivesg.com/~/media/Consumer/Images/Facilities/Yio%20Chu%20Kang%20Sports%20Recreation%20Centre/Yio%20Chu%20Kang%20Sports%20Centre.jpg,unknown
Yio Chu Kang Sports Hall,200 Ang Mo Kio Avenue 9    Singapore 569770, 64824980,Yio Chu Kang Sport Hall is a public sport hall operated by Sport Singapore. Facility Information: 6 badminton Courts & Table Tennis Academy,https://www.myactivesg.com/~/media/Consumer/Images/Facilities/Yio%20Chu%20Kang%20Sports%20Hall/Yio%20Chu%20Kang%20Sports%20Hall2.jpg,Daily : 7am - 10pm
Yio Chu Kang Squash Centre,200 Ang Mo Kio Avenue 9    Singapore 569770, 64824980,Yio Chu Kang Squash Centre is managed by Sport Singapore. Facility Information:  5 Courts,https://www.myactivesg.com/~/media/Consumer/Images/Facilities/Yio%20Chu%20Kang%20Squash%20Centre/Yio%20Chu%20Kang%20Squash2.jpg,unknown
Yio Chu Kang Stadium,210 Ang Mo Kio Avenue 9    Singapore 569777, 64824980,Facility Information: Rugby specific stadium with 8 lane running track.,https://www.myactivesg.com/~/media/Consumer/Images/Facilities/Yio%20Chu%20Kang%20Stadium/Yio%20Chu%20Kang%20Stadium1.jpg,unknown
Yio Chu Kang Swimming Complex,202 Ang Mo Kio Avenue 9    Singapore 569771, 64819054,Facilities Type: 1 Competition Pool_ 1 Teaching Pool_ 1 Wading Pool,https://www.myactivesg.com/~/media/Consumer/Images/Facilities/Yio%20Chu%20Kang%20Swimming%20Complex/Yio%20Chu%20Kang%20Swimming%20Complex1.jpg,unknown
Yio Chu Kang Tennis Centre,200 Ang Mo Kio Avenue 9    Singapore 569770, ,Yio chu kang tennis centre is a tennis centre managed by Sport Singapore. Facility Information: 9 Courts,https://www.myactivesg.com/~/media/Consumer/Images/Facilities/Yio%20Chu%20Kang%20Tennis%20Centre/Yio%20Chu%20Kang%20Tennis%20Courts1.jpg,unknown
Yishun ActiveSG Gym,101 Yishun Avenue 1    Singapore 769130, 68518604,Yishun ActiveSG Gym_ formerly known as Yishun ClubFITT Gym_ is a public gym operated by Sport Singapore. Yishun Sport Centre_ formerly known as Yishun Sport and Recreation Centre_ can be looked upon as two separate satellite centres_ with the Swimming Complex located approximately three bus stops away from the Sport Hall and Stadium. Yishun manage its facilities effectively_ allowing it to deliver consistent service standards_ and attract a good following for its gyms_ and sports programmes.  Yishun Sport Centre will continue to serve the community in the North by offering a well managed facility while expanding its programme offerings to appeal to different segments of the market.  Facility information: Free weights area Exercise equipment 8 treadmills,https://www.myactivesg.com/~/media/Consumer/Images/Facilities/Yishun%20ActiveSG%20Gym/Yishun%20ActiveSG%20Gym4.jpg,Daily: 7.00am - 10.00pm (Including Public Holidays)
Yishun Sports Centre,101 Yishun Ave 1    Singapore 769130, 68518600,Yishun Sport Centre_ formerly known as Yishun Sport and Recreation Centre_ can be looked upon as two separate satellite centres_ with the Swimming Complex located approximately three bus stops away from the Sport Hall and Stadium. Yishun manage its facilities effectively_ allowing it to deliver consistent service standards_ and attract a good following for its gyms_ and sports programmes. Yishun Sport Centre will continue to serve the community in the North by offering a well managed facility while expanding its programme offerings to appeal to different segments of the market.,https://www.myactivesg.com/~/media/Consumer/Images/Facilities/Yishun%20Sports%20Hall/Yishun%20Sports%20Hall1.jpg,unknown
Yishun Sports Hall,101 Yishun Avenue 1    Singapore 769130, 67567416,Yishun Sport Hall is a public sport hall managed by Sport Singapore Yishun Sport Centre_ formerly known as Yishun Sport and Recreation Centre_ can be looked upon as two separate satellite centres_ with the Swimming Complex located approximately three bus stops away from the Sport Hall and Stadium. Yishun Sport Centre manage its facilities effectively_ allowing it to deliver consistent service standards_ and attract a good following for its gyms_ and sports programmes.  Yishun Sport Centre will continue to serve the community in the North by offering a well managed facility while expanding its programme offerings to appeal to different segments of the market.,https://www.myactivesg.com/~/media/Consumer/Images/Facilities/Yishun%20Sports%20Hall/Yishun%20Sports%20Hall1.jpg,Daily: 7.00am - 10.00pm
Yishun Stadium,103 Yishun Avenue 1    Singapore 769131, 68518600,Yishun stadium is a public sport stadium operated by Sport Singapore. Yishun Sport Centre_ formerly known as Yishun Sport and Recreation Centre_ can be looked upon as two separate satellite centres_ with the Swimming Complex located approximately three bus stops away from the Sport Hall and Stadium. Yishun manage its facilities effectively_ allowing it to deliver consistent service standards_ and attract a good following for its gyms_ and sports programmes.  Yishun Sport Centre will continue to serve the community in the North by offering a well managed facility while expanding its programme offerings to appeal to different segments of the market.  Facility Information:  8-lane running track 1 pitch 2 sand pits for long jump fitness corner shot put throwing area outside the stadium,https://www.myactivesg.com/~/media/Consumer/Images/Facilities/Yishun%20Stadium/Yishun%20Stadium1.jpg,unknown
Yishun Swimming Complex,351 Yishun Avenue 3    Singapore 769057, 67525513,Yishun swimming complex is a public swimming complex managed by Sport Singapore. Yishun Sport Centre_ formerly known as Yishun Sport and Recreation Centre_ can be looked upon as two separate satellite centres_ with the Swimming Complex located approximately three bus stops away from the Sport Hall and Stadium. Yishun manage its facilities effectively_ allowing it to deliver consistent service standards_ and attract a good following for its gyms_ and sports programmes.  Yishun Sport Centre will continue to serve the community in the North by offering a well managed facility while expanding its programme offerings to appeal to different segments of the market.  Facility information: 1 competition pool 1 teaching pool 1 wading pool,https://www.myactivesg.com/~/media/Consumer/Images/Facilities/Yishun%20Swimming%20Complex/Yishun%20Swimming%20Complex3.jpg,unknown
